{
  "moonwalk_enabled":                              "0",
  "moonwalk_secure":                               "1",
  "moonwalk_host":                                 "streamguard.cc",
  "moonwalk_token":                                "",
  "moonwalk_base_path":                            "api",
  "moonwalk_player_pattern":                       "https://streamguard.cc{path}",
  "moonwalk_poster_pattern":                       "https://st.kp.yandex.net/images/film_big/{kinopoisk_id}.jpg",
  "moonwalk_thumbnail_pattern":                    "https://st.kp.yandex.net/images/film_iphone/iphone360_{kinopoisk_id}.jpg",
  "moonwalk_screenshots_enabled":                  "0",
  "moonwalk_foreign_movies_feed_enabled":          "1",
  "moonwalk_russian_movies_feed_enabled":          "1",
  "moonwalk_camrip_movies_feed_enabled":           "1",
  "moonwalk_foreign_series_feed_enabled":          "1",
  "moonwalk_russian_series_feed_enabled":          "1",
  "moonwalk_anime_movies_feed_enabled":            "1",
  "moonwalk_anime_series_feed_enabled":            "1",
  "tmdb_enabled":                                  "0",
  "tmdb_secure":                                   "1",
  "tmdb_host":                                     "api.themoviedb.org",
  "tmdb_token":                                    "",
  "tmdb_base_path":                                "3",
  "tmdb_language":                                 "ru",
  "kodik_enabled":                                 "0",
  "kodik_secure":                                  "1",
  "kodik_host":                                    "kodikapi.com",
  "kodik_feeds_host":                              "dumps.kodik.biz",
  "kodik_token":                                   "",
  "kodik_player_pattern":                          "https://kodik.info{path}",
  "kodik_poster_pattern":                          "https://st.kp.yandex.net/images/film_big/{kinopoisk_id}.jpg",
  "kodik_thumbnail_pattern":                       "https://st.kp.yandex.net/images/film_iphone/iphone360_{kinopoisk_id}.jpg",
  "kodik_movies_feed_enabled":                     "1",
  "kodik_series_feed_enabled":                     "1",
  "kodik_foreign_movies_feed_enabled":             "0",
  "kodik_russian_movies_feed_enabled":             "0",
  "kodik_foreign_cartoon_movies_feed_enabled":     "0",
  "kodik_russian_cartoon_movies_feed_enabled":     "0",
  "kodik_soviet_cartoon_movies_feed_enabled":      "0",
  "kodik_anime_movies_feed_enabled":               "0",
  "kodik_foreign_series_feed_enabled":             "0",
  "kodik_russian_series_feed_enabled":             "0",
  "kodik_foreign_cartoon_series_feed_enabled":     "0",
  "kodik_russian_cartoon_series_feed_enabled":     "0",
  "kodik_foreign_documentary_series_feed_enabled": "0",
  "kodik_russian_documentary_series_feed_enabled": "0",
  "kodik_multipart_movies_feed_enabled":           "0",
  "kodik_anime_series_feed_enabled":               "0",
  "hdvb_enabled":                                  "0",
  "hdvb_secure":                                   "1",
  "hdvb_host":                                     "videolishd.com",
  "hdvb_token":                                    "",
  "hdvb_base_path":                                "api",
  "hdvb_player_pattern":                           "https://videolishd.com{path}",
  "hdvb_poster_pattern":                           "https://st.kp.yandex.net/images/film_big/{kinopoisk_id}.jpg",
  "hdvb_thumbnail_pattern":                        "https://st.kp.yandex.net/images/film_iphone/iphone360_{kinopoisk_id}.jpg",
  "video_cdn_enabled":                             "0",
  "video_cdn_secure":                              "1",
  "video_cdn_host":                                "videocdn.tv",
  "video_cdn_token":                               "",
  "video_cdn_base_path":                           "api",
  "video_cdn_player_pattern":                      "https://14.cdn129.info{path}",
  "video_cdn_poster_pattern":                      "https://st.kp.yandex.net/images/film_big/{kinopoisk_id}.jpg",
  "video_cdn_thumbnail_pattern":                   "https://st.kp.yandex.net/images/film_iphone/iphone360_{kinopoisk_id}.jpg",
  "rutor_enabled":                                 "0",
  "rutor_secure":                                  "0",
  "rutor_host":                                    "live-rutor.org",
  "proxy_enabled":                                 "0",
  "proxy_secure":                                  "0",
  "proxy_address":                                 "",
  "proxy_login":                                   "",
  "proxy_password":                                "",
  "autocomplete_add_post_enabled":                 "1",
  "autocomplete_edit_post_enabled":                "1",
  "video_field_id":                                "",
  "video_field_origin":                            "",
  "video_field_type":                              "",
  "video_field_title":                             "",
  "video_field_world_title":                       "",
  "video_field_tagline":                           "",
  "video_field_description":                       "",
  "video_field_duration":                          "",
  "video_field_actors":                            "",
  "video_field_directors":                         "",
  "video_field_studios":                           "",
  "video_field_countries":                         "",
  "video_field_genres":                            "",
  "video_field_age_group":                         "",
  "video_field_poster":                            "",
  "video_field_thumbnail":                         "",
  "video_field_screenshots":                       "",
  "video_field_year":                              "",
  "video_field_translator":                        "",
  "video_field_kinopoisk_id":                      "",
  "video_field_tmdb_id":                           "",
  "video_field_world_art_id":                      "",
  "video_field_porno_lab_id":                      "",
  "video_field_imdb_id":                           "",
  "video_field_added_at":                          "",
  "video_field_updated_at":                        "",
  "video_field_kinopoisk_rating":                  "",
  "video_field_kinopoisk_votes":                   "",
  "video_field_tmdb_rating":                       "",
  "video_field_tmdb_votes":                        "",
  "video_field_imdb_rating":                       "",
  "video_field_imdb_votes":                        "",
  "video_field_mpaa_rating":                       "",
  "video_field_mpaa_votes":                        "",
  "video_field_player":                            "",
  "video_field_quality":                           "",
  "video_field_trailer":                           "",
  "video_field_magnet_link":                       "",
  "video_field_torrent_file":                      "",
  "video_field_torrent_size":                      "",
  "video_field_torrent_seeds":                     "",
  "video_field_torrent_leeches":                   "",
  "video_pattern_duration":                        "{% if duration %}{duration|date('H:i', 'UTC')}{% endif %}",
  "post_pattern_title":                            "{title ?: world_title}",
  "post_pattern_short_story":                      "{description}",
  "post_pattern_full_story":                       "{description}",
  "post_pattern_meta_title":                       "{title}",
  "post_pattern_meta_description":                 "{description|slice(0,140)}",
  "post_pattern_meta_keywords":                    "{title}",
  "post_accessory_video_fields":                   "a:8:{i:0;s:2:\"id\";i:1;s:5:\"title\";i:2;s:11:\"world_title\";i:3;s:12:\"kinopoisk_id\";i:4;s:7:\"tmdb_id\";i:5;s:12:\"world_art_id\";i:6;s:12:\"porno_lab_id\";i:7;s:7:\"imdb_id\";}",
  "post_updater_video_fields":                     "a:0:{}",
  "post_updater_new_date":                         "1",
  "feed_loader_posts_limit":                       "10",
  "feed_loader_publish_created":                   "0",
  "categories_case":                               "3",
  "categories_from_video_type":                    "0",
  "categories_from_video_genres":                  "0",
  "images_auto_download":                          "0",
  "images_overwrite_download":                     "0",
  "images_download_path":                          "kinocomplete/images",
  "torrents_auto_download":                        "0",
  "torrents_overwrite_download":                   "0",
  "torrents_download_path":                        "kinocomplete/torrents",
  "action_user_name":                              ""
}
