{
  "id": "",
  "origin": "",
  "type": "",
  "title": "",
  "worldTitle": "",
  "tagline": "",
  "description": "",
  "duration": 0,
  "actors": [],
  "directors": [],
  "studios":[],
  "countries": [],
  "genres": [],
  "ageGroup": "",
  "poster": "",
  "year": "",
  "translator": "",
  "kinopoiskId": "",
  "tmdbId": "",
  "worldArtId": "",
  "pornoLabId": "",
  "imdbId": "",
  "addedAt": "",
  "updatedAt": "",
  "kinopoiskRating": "",
  "kinopoiskVotes": "",
  "tmdbRating": "",
  "tmdbVotes": "",
  "imdbRating": "",
  "imdbVotes": "",
  "mpaaRating": "",
  "mpaaVotes": "",
  "player": "",
  "quality": "",
  "trailer": ""
}